"alexandr26.03.90";"Готово 🔥🔥🔥 🔥🔥🔥🔥 Участвую Участвую Участвую Участвую👍 Участвую 🍓 Выполнил"
"lena04_25";"Участвую 🙏 всем удачи🔥"
"yadgor1989";"Gotovo"
"niqitos";"🦊"
"nadejda_gurchenkova";"😉"
"fedorova__nastya87";"Участвую"
"veremeeva07.08";"Участвую"
"mammanya_ya";"Участвую 😍"
"happy__grandma1952";"❤️ 😍😍😍 😍😍 Участвую 😍😍😍 👏👏👏 Участвую) удачи 🙌🙌🙌 😍😍 🔥🔥🔥"
"svetlanalazareva190981";"Участвую 😊"
"nata_insta55";"Участвую"
"karenina.ah";"Участвую"
"julissa198081";"Участвую 🔥"
"egorovadarya88";"Участвую"
"ledidama_";"✅✅✅ Участвую 😍 🔥🔥🔥 👍👍👍 ✅✅✅ 🙌🙌🙌 Участвую 👍👍"
"lelya99999";"Участвую🍓"
"kevgenia445";"Участвую👋😃"
"olikmorozik";"Участвую"
"anyalp92";"Участвую🤗"
"karpovatatiana5";"Участвую 👏"
"medeshi23";"Учавствую 😍 @reginakhinko @katarinadev22 @rustam_21410 @p_natali1703 @_natali_1695 @nuriyakamal @vagizov76 @kristi_sssss @olga_blagadyr @o_kss11 @julv.kr"
"oksana.shatokhina";"Участвую, я хочу победу🙌"
"shevchenkolenuska";"🎁🎁 Готово 🍀🍀🍀 Участвую Удача приди)) 🎁🎁 🍀🍀🍀 🎉🎉🎉 Участвую 💝 Участвую 💝 Участвую ❤️ 💝💝💝"
"pronichkina1";"Участвую 🙏 ❤️ Участвую Участвую Участвую Участвую"
"mikhailova1163";"Участвую"
"happy_family_1990";"Участвую ❤️❤️❤️ 😍😍 😍😍😍Участвую Готово 😍"
"knopka0509";"🥰🥰🥰готово Участвую) Спасибо за конкурсы)😍"
"veraefimova700";"Участвую 👌 Участвую 👍 Участвую ❤️ Участвую 👍 Участвую 🤗 Участвую 😉"
"poliakovatatayna";"Участвую 🎉 🎈Учавствую"
